u0 , 100
u1 , 101
u2 , 102
u3 , 103
u4 , 104
u5 , 105
u6 , 106
u7 , 107
u8 , 108
u9 , 109
u10 , 110
u11 , 111
u12 , 112
u13 , 113
u14 , 114
u15 , 115
u100 , 116
u101 , 117
u102 , 118
u103 , 119
u104 , 120
u105 , 121
u106 , 122
u107 , 123
u108 , 124
u109 , 125
u110 , 126
u111 , 127
u112 , 128
u113 , 129
u114 , 130
u115 , 131
u200 , 132
u201 , 133
u202 , 134
u203 , 135
u204 , 136
u205 , 137
u206 , 138
u207 , 139
u208 , 140
u209 , 141
u210 , 142
u211 , 143
u212 , 144
u213 , 145
u214 , 146
u215 , 147
